,crps,name
0,1.1568202710358728,raw_ensemble
1,1.0201968855079635,emos_network_rolling_window
2,1.0122834010366633,emos_network_train_2015_pred_2016
3,1.0054314516877656,fc_network_rolling_window
4,1.0113107991511394,fc_network_train_2015_pred_2016
5,1.0147670832920845,hidden_nn_train_2015_pred_2016
6,0.9124535802724497,embedding_nn_train_2015_pred_2016
7,0.9369787929132188,hidden_nn_aux_train_2015_pred_2016
8,0.8579386006515747,embedding_nn_aux_train_2015_pred_2016
