,crps,name
0,1.1568202710358728,raw_ensemble
1,1.011747631876825,emos_network_train_2015_pred_2016
